Evaluacion,Costo,Puntaje_YOLO,Penalizacion_Obs,Penalizacion_Dist,Penalizacion_Suav,Distancia_Teorica,Tiempo_Vuelo,x0,y0,z0,yaw0,x1,y1,z1,yaw1,x2,y2,z2,yaw2,x3,y3,z3,yaw3,x4,y4,z4,yaw4,x5,y5,z5,yaw5,x6,y6,z6,yaw6,x7,y7,z7,yaw7,x8,y8,z8,yaw8,x9,y9,z9,yaw9,x10,y10,z10,yaw10,x11,y11,z11,yaw11,x12,y12,z12,yaw12,x13,y13,z13,yaw13
1,-20.314136279134495,9.357725759347279,0.0,0.0,0.0,12.461172301553605,17.0,-0.4142135623730949,-0.41421356237309515,0.45,0.7853981633974484,0.33944187608966603,-0.8877666606167351,0.45,1.234197113910276,1.223928952206616,-0.9874244197864852,0.45,1.6829960644231037,2.064064153030673,-0.6934483984565682,0.45,2.131795014935931,2.6934483984565682,-0.06406415303067314,0.45,2.5805939654487586,2.9874244197864854,0.7760710477933843,0.45,3.029392915961586,2.887766660616735,1.6605581239103342,0.45,-2.8049934407051724,2.414213562373095,2.414213562373095,0.45,-2.356194490192345,1.6605581239103344,2.887766660616735,0.45,-1.9073955396795175,0.7760710477933844,2.9874244197864854,0.45,-1.4585965891666899,-0.06406415303067292,2.6934483984565682,0.45,-1.009797638653862,-0.6934483984565682,2.0640641530306736,0.45,-0.5609986881410347,-0.9874244197864852,1.223928952206616,0.45,-0.112199737628207,-0.8877666606167351,0.33944187608966614,0.45,0.3365992128846206
2,-20.08762323768084,9.375804232226479,0.0,0.0,0.0,12.869900610887784,17.400000000000002,0.5857864376269051,-0.41421356237309515,0.45,1.2858722001728344,0.33944187608966603,-0.8877666606167351,0.45,1.234197113910276,1.223928952206616,-0.9874244197864852,0.45,1.6829960644231037,2.064064153030673,-0.6934483984565682,0.45,2.131795014935931,2.6934483984565682,-0.06406415303067314,0.45,2.5805939654487586,2.9874244197864854,0.7760710477933843,0.45,3.029392915961586,2.887766660616735,1.6605581239103342,0.45,-2.8049934407051724,2.414213562373095,2.414213562373095,0.45,-2.356194490192345,1.6605581239103344,2.887766660616735,0.45,-1.9073955396795175,0.7760710477933844,2.9874244197864854,0.45,-1.4585965891666899,-0.06406415303067292,2.6934483984565682,0.45,-1.009797638653862,-0.6934483984565682,2.0640641530306736,0.45,-0.5609986881410347,-0.9874244197864852,1.223928952206616,0.45,-0.112199737628207,-0.8877666606167351,0.33944187608966614,0.45,0.3365992128846206
3,-20.43404653344364,9.554061512152353,0.0,0.0,0.0,12.869900610887784,18.52,-0.4142135623730949,0.5857864376269049,0.45,0.28492412662206246,0.33944187608966603,-0.8877666606167351,0.45,1.234197113910276,1.223928952206616,-0.9874244197864852,0.45,1.6829960644231037,2.064064153030673,-0.6934483984565682,0.45,2.131795014935931,2.6934483984565682,-0.06406415303067314,0.45,2.5805939654487586,2.9874244197864854,0.7760710477933843,0.45,3.029392915961586,2.887766660616735,1.6605581239103342,0.45,-2.8049934407051724,2.414213562373095,2.414213562373095,0.45,-2.356194490192345,1.6605581239103344,2.887766660616735,0.45,-1.9073955396795175,0.7760710477933844,2.9874244197864854,0.45,-1.4585965891666899,-0.06406415303067292,2.6934483984565682,0.45,-1.009797638653862,-0.6934483984565682,2.0640641530306736,0.45,-0.5609986881410347,-0.9874244197864852,1.223928952206616,0.45,-0.112199737628207,-0.8877666606167351,0.33944187608966614,0.45,0.3365992128846206
4,154.55976974381028,9.134866999991146,0.0,173.71942490589882,0.0,12.767838475766252,18.44,-0.4142135623730949,0.5857864376269049,0.45,0.28492412662206246,1.339441876089666,-0.8877666606167351,0.45,1.748706531692379,1.223928952206616,-0.9874244197864852,0.45,1.6829960644231037,2.064064153030673,-0.6934483984565682,0.45,2.131795014935931,2.6934483984565682,-0.06406415303067314,0.45,2.5805939654487586,2.9874244197864854,0.7760710477933843,0.45,3.029392915961586,2.887766660616735,1.6605581239103342,0.45,-2.8049934407051724,2.414213562373095,2.414213562373095,0.45,-2.356194490192345,1.6605581239103344,2.887766660616735,0.45,-1.9073955396795175,0.7760710477933844,2.9874244197864854,0.45,-1.4585965891666899,-0.06406415303067292,2.6934483984565682,0.45,-1.009797638653862,-0.6934483984565682,2.0640641530306736,0.45,-0.5609986881410347,-0.9874244197864852,1.223928952206616,0.45,-0.112199737628207,-0.8877666606167351,0.33944187608966614,0.45,0.3365992128846206
5,410.1656627167001,0.0,90.16566271670013,0.0,0.0,12.626028877452432,0.0,-0.4142135623730949,0.5857864376269049,0.45,0.28492412662206246,0.33944187608966603,0.11223333938326485,0.45,0.9311029842308575,1.223928952206616,-0.9874244197864852,0.45,1.6829960644231037,2.064064153030673,-0.6934483984565682,0.45,2.131795014935931,2.6934483984565682,-0.06406415303067314,0.45,2.5805939654487586,2.9874244197864854,0.7760710477933843,0.45,3.029392915961586,2.887766660616735,1.6605581239103342,0.45,-2.8049934407051724,2.414213562373095,2.414213562373095,0.45,-2.356194490192345,1.6605581239103344,2.887766660616735,0.45,-1.9073955396795175,0.7760710477933844,2.9874244197864854,0.45,-1.4585965891666899,-0.06406415303067292,2.6934483984565682,0.45,-1.009797638653862,-0.6934483984565682,2.0640641530306736,0.45,-0.5609986881410347,-0.9874244197864852,1.223928952206616,0.45,-0.112199737628207,-0.8877666606167351,0.33944187608966614,0.45,0.3365992128846206
6,61.819855874548544,9.78494605605985,0.0,82.68394045061586,0.0,13.311485606648393,18.96,-0.4142135623730949,0.5857864376269049,0.45,0.28492412662206246,0.33944187608966603,-0.8877666606167351,0.45,1.234197113910276,2.2239289522066157,-0.9874244197864852,0.45,2.1227791704627705,2.064064153030673,-0.6934483984565682,0.45,2.131795014935931,2.6934483984565682,-0.06406415303067314,0.45,2.5805939654487586,2.9874244197864854,0.7760710477933843,0.45,3.029392915961586,2.887766660616735,1.6605581239103342,0.45,-2.8049934407051724,2.414213562373095,2.414213562373095,0.45,-2.356194490192345,1.6605581239103344,2.887766660616735,0.45,-1.9073955396795175,0.7760710477933844,2.9874244197864854,0.45,-1.4585965891666899,-0.06406415303067292,2.6934483984565682,0.45,-1.009797638653862,-0.6934483984565682,2.0640641530306736,0.45,-0.5609986881410347,-0.9874244197864852,1.223928952206616,0.45,-0.112199737628207,-0.8877666606167351,0.33944187608966614,0.45,0.3365992128846206
7,551.2537700587311,0.0,231.25377005873116,0.0,0.0,13.449252520141947,0.0,-0.4142135623730949,0.5857864376269049,0.45,0.28492412662206246,0.33944187608966603,-0.8877666606167351,0.45,1.234197113910276,1.223928952206616,0.012575580213514792,0.45,1.7938051628421074,2.064064153030673,-0.6934483984565682,0.45,2.131795014935931,2.6934483984565682,-0.06406415303067314,0.45,2.5805939654487586,2.9874244197864854,0.7760710477933843,0.45,3.029392915961586,2.887766660616735,1.6605581239103342,0.45,-2.8049934407051724,2.414213562373095,2.414213562373095,0.45,-2.356194490192345,1.6605581239103344,2.887766660616735,0.45,-1.9073955396795175,0.7760710477933844,2.9874244197864854,0.45,-1.4585965891666899,-0.06406415303067292,2.6934483984565682,0.45,-1.009797638653862,-0.6934483984565682,2.0640641530306736,0.45,-0.5609986881410347,-0.9874244197864852,1.223928952206616,0.45,-0.112199737628207,-0.8877666606167351,0.33944187608966614,0.45,0.3365992128846206
8,-20.985139777472792,9.905918745347012,0.0,0.0,0.0,13.6836004152753,19.36,-0.4142135623730949,0.5857864376269049,0.45,0.28492412662206246,0.33944187608966603,-0.8877666606167351,0.45,1.234197113910276,1.223928952206616,-0.9874244197864852,0.45,1.6829960644231037,3.064064153030673,-0.6934483984565682,0.45,2.4545097635512616,2.6934483984565682,-0.06406415303067314,0.45,2.5805939654487586,2.9874244197864854,0.7760710477933843,0.45,3.029392915961586,2.887766660616735,1.6605581239103342,0.45,-2.8049934407051724,2.414213562373095,2.414213562373095,0.45,-2.356194490192345,1.6605581239103344,2.887766660616735,0.45,-1.9073955396795175,0.7760710477933844,2.9874244197864854,0.45,-1.4585965891666899,-0.06406415303067292,2.6934483984565682,0.45,-1.009797638653862,-0.6934483984565682,2.0640641530306736,0.45,-0.5609986881410347,-0.9874244197864852,1.223928952206616,0.45,-0.112199737628207,-0.8877666606167351,0.33944187608966614,0.45,0.3365992128846206
9,-7.199608786823612,9.427710003323025,0.0,12.133357152267793,0.0,13.863412143084549,19.52,-0.4142135623730949,0.5857864376269049,0.45,0.28492412662206246,0.33944187608966603,-0.8877666606167351,0.45,1.234197113910276,1.223928952206616,-0.9874244197864852,0.45,1.6829960644231037,3.064064153030673,0.30655160154343175,0.45,2.8174776116553186,2.6934483984565682,-0.06406415303067314,0.45,2.5805939654487586,2.9874244197864854,0.7760710477933843,0.45,3.029392915961586,2.887766660616735,1.6605581239103342,0.45,-2.8049934407051724,2.414213562373095,2.414213562373095,0.45,-2.356194490192345,1.6605581239103344,2.887766660616735,0.45,-1.9073955396795175,0.7760710477933844,2.9874244197864854,0.45,-1.4585965891666899,-0.06406415303067292,2.6934483984565682,0.45,-1.009797638653862,-0.6934483984565682,2.0640641530306736,0.45,-0.5609986881410347,-0.9874244197864852,1.223928952206616,0.45,-0.112199737628207,-0.8877666606167351,0.33944187608966614,0.45,0.3365992128846206
10,-20.992173227991994,9.987961563063257,0.0,0.0,0.0,14.05060754762086,19.72,-0.4142135623730949,0.5857864376269049,0.45,0.28492412662206246,0.33944187608966603,-0.8877666606167351,0.45,1.234197113910276,1.223928952206616,-0.9874244197864852,0.45,1.6829960644231037,3.064064153030673,-0.6934483984565682,0.45,2.4545097635512616,3.6934483984565682,-0.06406415303067314,0.45,2.765355211812897,2.9874244197864854,0.7760710477933843,0.45,3.029392915961586,2.887766660616735,1.6605581239103342,0.45,-2.8049934407051724,2.414213562373095,2.414213562373095,0.45,-2.356194490192345,1.6605581239103344,2.887766660616735,0.45,-1.9073955396795175,0.7760710477933844,2.9874244197864854,0.45,-1.4585965891666899,-0.06406415303067292,2.6934483984565682,0.45,-1.009797638653862,-0.6934483984565682,2.0640641530306736,0.45,-0.5609986881410347,-0.9874244197864852,1.223928952206616,0.45,-0.112199737628207,-0.8877666606167351,0.33944187608966614,0.45,0.3365992128846206
11,-20.342206691394285,9.890335244602625,0.0,0.0,0.0,14.533732182668231,20.2,-0.4142135623730949,0.5857864376269049,0.45,0.28492412662206246,0.33944187608966603,-0.8877666606167351,0.45,1.234197113910276,1.223928952206616,-0.9874244197864852,0.45,1.6829960644231037,3.064064153030673,-0.6934483984565682,0.45,2.4545097635512616,3.6934483984565682,0.9359358469693269,0.45,3.117811958158388,2.9874244197864854,0.7760710477933843,0.45,3.029392915961586,2.887766660616735,1.6605581239103342,0.45,-2.8049934407051724,2.414213562373095,2.414213562373095,0.45,-2.356194490192345,1.6605581239103344,2.887766660616735,0.45,-1.9073955396795175,0.7760710477933844,2.9874244197864854,0.45,-1.4585965891666899,-0.06406415303067292,2.6934483984565682,0.45,-1.009797638653862,-0.6934483984565682,2.0640641530306736,0.45,-0.5609986881410347,-0.9874244197864852,1.223928952206616,0.45,-0.112199737628207,-0.8877666606167351,0.33944187608966614,0.45,0.3365992128846206
12,-20.89583672996284,10.02689130836063,0.0,0.0,0.0,14.364430913582357,20.04,-0.4142135623730949,0.5857864376269049,0.45,0.28492412662206246,0.33944187608966603,-0.8877666606167351,0.45,1.234197113910276,1.223928952206616,-0.9874244197864852,0.45,1.6829960644231037,3.064064153030673,-0.6934483984565682,0.45,2.4545097635512616,3.6934483984565682,-0.06406415303067314,0.45,2.765355211812897,3.9874244197864854,0.7760710477933843,0.45,3.066775372440722,2.887766660616735,1.6605581239103342,0.45,-2.8049934407051724,2.414213562373095,2.414213562373095,0.45,-2.356194490192345,1.6605581239103344,2.887766660616735,0.45,-1.9073955396795175,0.7760710477933844,2.9874244197864854,0.45,-1.4585965891666899,-0.06406415303067292,2.6934483984565682,0.45,-1.009797638653862,-0.6934483984565682,2.0640641530306736,0.45,-0.5609986881410347,-0.9874244197864852,1.223928952206616,0.45,-0.112199737628207,-0.8877666606167351,0.33944187608966614,0.45,0.3365992128846206
13,153.14483183529103,9.886218285560608,0.0,173.71942490589876,0.0,14.186610886372428,19.84,-0.4142135623730949,0.5857864376269049,0.45,0.28492412662206246,0.33944187608966603,-0.8877666606167351,0.45,1.234197113910276,1.223928952206616,-0.9874244197864852,0.45,1.6829960644231037,3.064064153030673,-0.6934483984565682,0.45,2.4545097635512616,3.6934483984565682,-0.06406415303067314,0.45,2.765355211812897,2.9874244197864854,1.7760710477933843,0.45,-2.769310603857735,2.887766660616735,1.6605581239103342,0.45,-2.8049934407051724,2.414213562373095,2.414213562373095,0.45,-2.356194490192345,1.6605581239103344,2.887766660616735,0.45,-1.9073955396795175,0.7760710477933844,2.9874244197864854,0.45,-1.4585965891666899,-0.06406415303067292,2.6934483984565682,0.45,-1.009797638653862,-0.6934483984565682,2.0640641530306736,0.45,-0.5609986881410347,-0.9874244197864852,1.223928952206616,0.45,-0.112199737628207,-0.8877666606167351,0.33944187608966614,0.45,0.3365992128846206
14,-20.5148290634168,10.08645510673523,0.0,0.0,0.0,15.187654556271871,20.84,-0.4142135623730949,0.5857864376269049,0.45,0.28492412662206246,0.33944187608966603,-0.8877666606167351,0.45,1.234197113910276,1.223928952206616,-0.9874244197864852,0.45,1.6829960644231037,3.064064153030673,-0.6934483984565682,0.45,2.4545097635512616,3.6934483984565682,-0.06406415303067314,0.45,2.765355211812897,2.9874244197864854,0.7760710477933843,0.45,3.029392915961586,3.887766660616735,1.6605581239103342,0.45,-2.91671787425524,2.414213562373095,2.414213562373095,0.45,-2.356194490192345,1.6605581239103344,2.887766660616735,0.45,-1.9073955396795175,0.7760710477933844,2.9874244197864854,0.45,-1.4585965891666899,-0.06406415303067292,2.6934483984565682,0.45,-1.009797638653862,-0.6934483984565682,2.0640641530306736,0.45,-0.5609986881410347,-0.9874244197864852,1.223928952206616,0.45,-0.112199737628207,-0.8877666606167351,0.33944187608966614,0.45,0.3365992128846206
15,-20.163264521914133,9.86904460589091,0.0,0.0,0.0,14.691356433873562,20.36,-0.4142135623730949,0.5857864376269049,0.45,0.28492412662206246,0.33944187608966603,-0.8877666606167351,0.45,1.234197113910276,1.223928952206616,-0.9874244197864852,0.45,1.6829960644231037,3.064064153030673,-0.6934483984565682,0.45,2.4545097635512616,3.6934483984565682,-0.06406415303067314,0.45,2.765355211812897,2.9874244197864854,0.7760710477933843,0.45,3.029392915961586,2.887766660616735,2.6605581239103344,0.45,-2.4201398110096424,2.414213562373095,2.414213562373095,0.45,-2.356194490192345,1.6605581239103344,2.887766660616735,0.45,-1.9073955396795175,0.7760710477933844,2.9874244197864854,0.45,-1.4585965891666899,-0.06406415303067292,2.6934483984565682,0.45,-1.009797638653862,-0.6934483984565682,2.0640641530306736,0.45,-0.5609986881410347,-0.9874244197864852,1.223928952206616,0.45,-0.112199737628207,-0.8877666606167351,0.33944187608966614,0.45,0.3365992128846206
16,-20.105572329724357,9.920214115248788,0.0,0.0,0.0,15.006225678143537,20.68,-0.4142135623730949,0.5857864376269049,0.45,0.28492412662206246,0.33944187608966603,-0.8877666606167351,0.45,1.234197113910276,1.223928952206616,-0.9874244197864852,0.45,1.6829960644231037,3.064064153030673,-0.6934483984565682,0.45,2.4545097635512616,3.6934483984565682,-0.06406415303067314,0.45,2.765355211812897,2.9874244197864854,0.7760710477933843,0.45,3.029392915961586,2.887766660616735,1.6605581239103342,0.45,-2.8049934407051724,3.414213562373095,2.414213562373095,0.45,-2.6116898638408665,1.6605581239103344,2.887766660616735,0.45,-1.9073955396795175,0.7760710477933844,2.9874244197864854,0.45,-1.4585965891666899,-0.06406415303067292,2.6934483984565682,0.45,-1.009797638653862,-0.6934483984565682,2.0640641530306736,0.45,-0.5609986881410347,-0.9874244197864852,1.223928952206616,0.45,-0.112199737628207,-0.8877666606167351,0.33944187608966614,0.45,0.3365992128846206
17,-20.131511813366927,9.928320203887091,0.0,0.0,0.0,15.006225678143537,20.68,-0.4142135623730949,0.5857864376269049,0.45,0.28492412662206246,0.33944187608966603,-0.8877666606167351,0.45,1.234197113910276,1.223928952206616,-0.9874244197864852,0.45,1.6829960644231037,3.064064153030673,-0.6934483984565682,0.45,2.4545097635512616,3.6934483984565682,-0.06406415303067314,0.45,2.765355211812897,2.9874244197864854,0.7760710477933843,0.45,3.029392915961586,2.887766660616735,1.6605581239103342,0.45,-2.8049934407051724,2.414213562373095,3.414213562373095,0.45,-2.100699116543823,1.6605581239103344,2.887766660616735,0.45,-1.9073955396795175,0.7760710477933844,2.9874244197864854,0.45,-1.4585965891666899,-0.06406415303067292,2.6934483984565682,0.45,-1.009797638653862,-0.6934483984565682,2.0640641530306736,0.45,-0.5609986881410347,-0.9874244197864852,1.223928952206616,0.45,-0.112199737628207,-0.8877666606167351,0.33944187608966614,0.45,0.3365992128846206
18,-20.403609192527735,9.94415231545766,0.0,0.0,0.0,14.691356433873562,20.36,-0.4142135623730949,0.5857864376269049,0.45,0.28492412662206246,0.33944187608966603,-0.8877666606167351,0.45,1.234197113910276,1.223928952206616,-0.9874244197864852,0.45,1.6829960644231037,3.064064153030673,-0.6934483984565682,0.45,2.4545097635512616,3.6934483984565682,-0.06406415303067314,0.45,2.765355211812897,2.9874244197864854,0.7760710477933843,0.45,3.029392915961586,2.887766660616735,1.6605581239103342,0.45,-2.8049934407051724,2.414213562373095,2.414213562373095,0.45,-2.356194490192345,2.6605581239103344,2.887766660616735,0.45,-2.2922491693750473,0.7760710477933844,2.9874244197864854,0.45,-1.4585965891666899,-0.06406415303067292,2.6934483984565682,0.45,-1.009797638653862,-0.6934483984565682,2.0640641530306736,0.45,-0.5609986881410347,-0.9874244197864852,1.223928952206616,0.45,-0.112199737628207,-0.8877666606167351,0.33944187608966614,0.45,0.3365992128846206
19,-19.926777407329556,9.902688964207966,0.0,0.0,0.0,15.187654556271873,20.84,-0.4142135623730949,0.5857864376269049,0.45,0.28492412662206246,0.33944187608966603,-0.8877666606167351,0.45,1.234197113910276,1.223928952206616,-0.9874244197864852,0.45,1.6829960644231037,3.064064153030673,-0.6934483984565682,0.45,2.4545097635512616,3.6934483984565682,-0.06406415303067314,0.45,2.765355211812897,2.9874244197864854,0.7760710477933843,0.45,3.029392915961586,2.887766660616735,1.6605581239103342,0.45,-2.8049934407051724,2.414213562373095,2.414213562373095,0.45,-2.356194490192345,1.6605581239103344,3.887766660616735,0.45,-1.7956711061294501,0.7760710477933844,2.9874244197864854,0.45,-1.4585965891666899,-0.06406415303067292,2.6934483984565682,0.45,-1.009797638653862,-0.6934483984565682,2.0640641530306736,0.45,-0.5609986881410347,-0.9874244197864852,1.223928952206616,0.45,-0.112199737628207,-0.8877666606167351,0.33944187608966614,0.45,0.3365992128846206
20,152.83280409331653,10.006830091829652,0.0,173.71942490589885,0.0,14.28647096254515,19.96,-0.4142135623730949,0.5857864376269049,0.45,0.28492412662206246,0.33944187608966603,-0.8877666606167351,0.45,1.234197113910276,1.223928952206616,-0.9874244197864852,0.45,1.6829960644231037,3.064064153030673,-0.6934483984565682,0.45,2.4545097635512616,3.6934483984565682,-0.06406415303067314,0.45,2.765355211812897,2.9874244197864854,0.7760710477933843,0.45,3.029392915961586,2.887766660616735,1.6605581239103342,0.45,-2.8049934407051724,2.414213562373095,2.414213562373095,0.45,-2.356194490192345,1.6605581239103344,2.887766660616735,0.45,-1.9073955396795175,1.7760710477933843,2.9874244197864854,0.45,-1.943078376526955,-0.06406415303067292,2.6934483984565682,0.45,-1.009797638653862,-0.6934483984565682,2.0640641530306736,0.45,-0.5609986881410347,-0.9874244197864852,1.223928952206616,0.45,-0.112199737628207,-0.8877666606167351,0.33944187608966614,0.45,0.3365992128846206
21,-20.019762248876056,9.939997288915848,0.0,0.0,0.0,15.224458151309314,20.88,-0.4142135623730949,0.5857864376269049,0.45,0.28492412662206246,0.33944187608966603,-0.8877666606167351,0.45,1.234197113910276,1.223928952206616,-0.9874244197864852,0.45,1.6829960644231037,3.064064153030673,-0.6934483984565682,0.45,2.4545097635512616,3.6934483984565682,-0.06406415303067314,0.45,2.765355211812897,2.9874244197864854,0.7760710477933843,0.45,3.029392915961586,2.887766660616735,1.6605581239103342,0.45,-2.8049934407051724,2.414213562373095,2.414213562373095,0.45,-2.356194490192345,1.6605581239103344,2.887766660616735,0.45,-1.9073955396795175,0.7760710477933844,3.9874244197864854,0.45,-1.4959790456458257,-0.06406415303067292,2.6934483984565682,0.45,-1.009797638653862,-0.6934483984565682,2.0640641530306736,0.45,-0.5609986881410347,-0.9874244197864852,1.223928952206616,0.45,-0.112199737628207,-0.8877666606167351,0.33944187608966614,0.45,0.3365992128846206
22,61.97455983149044,9.964148383081694,0.0,82.68394045061575,0.0,14.351788413472217,20.0,-0.4142135623730949,0.5857864376269049,0.45,0.28492412662206246,0.33944187608966603,-0.8877666606167351,0.45,1.234197113910276,1.223928952206616,-0.9874244197864852,0.45,1.6829960644231037,3.064064153030673,-0.6934483984565682,0.45,2.4545097635512616,3.6934483984565682,-0.06406415303067314,0.45,2.765355211812897,2.9874244197864854,0.7760710477933843,0.45,3.029392915961586,2.887766660616735,1.6605581239103342,0.45,-2.8049934407051724,2.414213562373095,2.414213562373095,0.45,-2.356194490192345,1.6605581239103344,2.887766660616735,0.45,-1.9073955396795175,0.7760710477933844,2.9874244197864854,0.45,-1.4585965891666899,0.9359358469693271,2.6934483984565682,0.45,-1.5329837678620395,-0.6934483984565682,2.0640641530306736,0.45,-0.5609986881410347,-0.9874244197864852,1.223928952206616,0.45,-0.112199737628207,-0.8877666606167351,0.33944187608966614,0.45,0.3365992128846206
23,-20.01609997776585,9.914181394047208,0.0,0.0,0.0,15.114560966370433,20.76,-0.4142135623730949,0.5857864376269049,0.45,0.28492412662206246,0.33944187608966603,-0.8877666606167351,0.45,1.234197113910276,1.223928952206616,-0.9874244197864852,0.45,1.6829960644231037,3.064064153030673,-0.6934483984565682,0.45,2.4545097635512616,3.6934483984565682,-0.06406415303067314,0.45,2.765355211812897,2.9874244197864854,0.7760710477933843,0.45,3.029392915961586,2.887766660616735,1.6605581239103342,0.45,-2.8049934407051724,2.414213562373095,2.414213562373095,0.45,-2.356194490192345,1.6605581239103344,2.887766660616735,0.45,-1.9073955396795175,0.7760710477933844,2.9874244197864854,0.45,-1.4585965891666899,-0.06406415303067292,3.6934483984565682,0.45,-1.1945588850180004,-0.6934483984565682,2.0640641530306736,0.45,-0.5609986881410347,-0.9874244197864852,1.223928952206616,0.45,-0.112199737628207,-0.8877666606167351,0.33944187608966614,0.45,0.3365992128846206
24,-20.827835138463186,10.043640301551347,0.0,0.0,0.0,14.543627653002257,20.2,-0.4142135623730949,0.5857864376269049,0.45,0.28492412662206246,0.33944187608966603,-0.8877666606167351,0.45,1.234197113910276,1.223928952206616,-0.9874244197864852,0.45,1.6829960644231037,3.064064153030673,-0.6934483984565682,0.45,2.4545097635512616,3.6934483984565682,-0.06406415303067314,0.45,2.765355211812897,2.9874244197864854,0.7760710477933843,0.45,3.029392915961586,2.887766660616735,1.6605581239103342,0.45,-2.8049934407051724,2.414213562373095,2.414213562373095,0.45,-2.356194490192345,1.6605581239103344,2.887766660616735,0.45,-1.9073955396795175,0.7760710477933844,2.9874244197864854,0.45,-1.4585965891666899,-0.06406415303067292,2.6934483984565682,0.45,-1.009797638653862,0.30655160154343175,2.0640641530306736,0.45,-0.993228413150823,-0.9874244197864852,1.223928952206616,0.45,-0.112199737628207,-0.8877666606167351,0.33944187608966614,0.45,0.3365992128846206
25,-20.17154946934087,9.90865723292033,0.0,0.0,0.0,14.864307352008376,20.52,-0.4142135623730949,0.5857864376269049,0.45,0.28492412662206246,0.33944187608966603,-0.8877666606167351,0.45,1.234197113910276,1.223928952206616,-0.9874244197864852,0.45,1.6829960644231037,3.064064153030673,-0.6934483984565682,0.45,2.4545097635512616,3.6934483984565682,-0.06406415303067314,0.45,2.765355211812897,2.9874244197864854,0.7760710477933843,0.45,3.029392915961586,2.887766660616735,1.6605581239103342,0.45,-2.8049934407051724,2.414213562373095,2.414213562373095,0.45,-2.356194490192345,1.6605581239103344,2.887766660616735,0.45,-1.9073955396795175,0.7760710477933844,2.9874244197864854,0.45,-1.4585965891666899,-0.06406415303067292,2.6934483984565682,0.45,-1.009797638653862,-0.6934483984565682,3.0640641530306736,0.45,-0.8837134367563653,-0.9874244197864852,1.223928952206616,0.45,-0.112199737628207,-0.8877666606167351,0.33944187608966614,0.45,0.3365992128846206
26,551.2537700587311,0.0,231.25377005873116,0.0,0.0,14.629959456875024,0.0,-0.4142135623730949,0.5857864376269049,0.45,0.28492412662206246,0.33944187608966603,-0.8877666606167351,0.45,1.234197113910276,1.223928952206616,-0.9874244197864852,0.45,1.6829960644231037,3.064064153030673,-0.6934483984565682,0.45,2.4545097635512616,3.6934483984565682,-0.06406415303067314,0.45,2.765355211812897,2.9874244197864854,0.7760710477933843,0.45,3.029392915961586,2.887766660616735,1.6605581239103342,0.45,-2.8049934407051724,2.414213562373095,2.414213562373095,0.45,-2.356194490192345,1.6605581239103344,2.887766660616735,0.45,-1.9073955396795175,0.7760710477933844,2.9874244197864854,0.45,-1.4585965891666899,-0.06406415303067292,2.6934483984565682,0.45,-1.009797638653862,-0.6934483984565682,2.0640641530306736,0.45,-0.5609986881410347,0.012575580213514792,1.223928952206616,0.45,-0.22300883604721083,-0.8877666606167351,0.33944187608966614,0.45,0.3365992128846206
27,62.23245771229695,9.915493440628051,0.0,82.68394045061598,0.0,14.492192543381469,20.16,-0.4142135623730949,0.5857864376269049,0.45,0.28492412662206246,0.33944187608966603,-0.8877666606167351,0.45,1.234197113910276,1.223928952206616,-0.9874244197864852,0.45,1.6829960644231037,3.064064153030673,-0.6934483984565682,0.45,2.4545097635512616,3.6934483984565682,-0.06406415303067314,0.45,2.765355211812897,2.9874244197864854,0.7760710477933843,0.45,3.029392915961586,2.887766660616735,1.6605581239103342,0.45,-2.8049934407051724,2.414213562373095,2.414213562373095,0.45,-2.356194490192345,1.6605581239103344,2.887766660616735,0.45,-1.9073955396795175,0.7760710477933844,2.9874244197864854,0.45,-1.4585965891666899,-0.06406415303067292,2.6934483984565682,0.45,-1.009797638653862,-0.6934483984565682,2.0640641530306736,0.45,-0.5609986881410347,-0.9874244197864852,2.2239289522066157,0.45,-0.5519828436678741,-0.8877666606167351,0.33944187608966614,0.45,0.3365992128846206
28,410.1656627167001,0.0,90.16566271670013,0.0,0.0,14.619188997654987,0.0,-0.4142135623730949,0.5857864376269049,0.45,0.28492412662206246,0.33944187608966603,-0.8877666606167351,0.45,1.234197113910276,1.223928952206616,-0.9874244197864852,0.45,1.6829960644231037,3.064064153030673,-0.6934483984565682,0.45,2.4545097635512616,3.6934483984565682,-0.06406415303067314,0.45,2.765355211812897,2.9874244197864854,0.7760710477933843,0.45,3.029392915961586,2.887766660616735,1.6605581239103342,0.45,-2.8049934407051724,2.414213562373095,2.414213562373095,0.45,-2.356194490192345,1.6605581239103344,2.887766660616735,0.45,-1.9073955396795175,0.7760710477933844,2.9874244197864854,0.45,-1.4585965891666899,-0.06406415303067292,2.6934483984565682,0.45,-1.009797638653862,-0.6934483984565682,2.0640641530306736,0.45,-0.5609986881410347,-0.9874244197864852,1.223928952206616,0.45,-0.112199737628207,0.11223333938326485,0.33944187608966614,0.45,0.6396933425640391
29,152.28912166026964,10.017809246793206,0.0,173.71942490589882,0.0,13.669372688218202,18.96,-0.4142135623730949,0.5857864376269049,0.45,0.28492412662206246,0.33944187608966603,-0.8877666606167351,0.45,1.234197113910276,1.223928952206616,-0.9874244197864852,0.45,1.6829960644231037,3.064064153030673,-0.6934483984565682,0.45,2.4545097635512616,3.6934483984565682,-0.06406415303067314,0.45,2.765355211812897,2.9874244197864854,0.7760710477933843,0.45,3.029392915961586,2.887766660616735,1.6605581239103342,0.45,-2.8049934407051724,2.414213562373095,2.414213562373095,0.45,-2.356194490192345,1.6605581239103344,2.887766660616735,0.45,-1.9073955396795175,0.7760710477933844,2.9874244197864854,0.45,-1.4585965891666899,-0.06406415303067292,2.6934483984565682,0.45,-1.009797638653862,-0.6934483984565682,2.0640641530306736,0.45,-0.5609986881410347,-0.9874244197864852,1.223928952206616,0.45,-0.112199737628207,-0.8877666606167351,1.339441876089666,0.45,-0.1779102048974824
30,-21.097551750781413,10.341344867812262,0.0,0.0,0.0,15.637503652435658,20.88,-0.4144231918716731,0.5858974101621898,0.45,0.2848118844166415,0.1774915277783345,-1.286270872818908,0.45,1.2254533575550266,1.1478059872451842,-1.5165004922561482,0.45,1.6294636599173258,3.0645741695828073,-0.7062064009568114,0.45,2.4509479815187714,3.6934549076566396,-0.06466567318282489,0.45,2.765162874787106,2.9873352638966213,0.6149136467843723,0.45,2.9501943984256433,2.8873248961283555,1.6597909993540303,0.45,-2.8052826228822747,2.4133930458123265,2.413417051851513,0.45,-2.3561859979207185,1.6600134295172713,2.886780675923583,0.45,-1.907301248392851,0.6152024169967752,2.9865244891482505,0.45,-1.3794619535724368,-0.14084681657318432,2.6925450785209595,0.45,-0.9777049481594299,-0.6936004873212276,2.0633046958888537,0.45,-0.5606366548795427,-1.517017018008354,1.1469076136496732,0.45,-0.058299620583017686,-1.2867873985711138,0.17907640341187406,0.45,0.34465721540264777
OPTIMO,-21.097551750781413,,,,,,,-0.4144231918716731,0.5858974101621898,0.45,0.2848118844166415,0.1774915277783345,-1.286270872818908,0.45,1.2254533575550266,1.1478059872451842,-1.5165004922561482,0.45,1.6294636599173258,3.0645741695828073,-0.7062064009568114,0.45,2.4509479815187714,3.6934549076566396,-0.06466567318282489,0.45,2.765162874787106,2.9873352638966213,0.6149136467843723,0.45,2.9501943984256433,2.8873248961283555,1.6597909993540303,0.45,-2.8052826228822747,2.4133930458123265,2.413417051851513,0.45,-2.3561859979207185,1.6600134295172713,2.886780675923583,0.45,-1.907301248392851,0.6152024169967752,2.9865244891482505,0.45,-1.3794619535724368,-0.14084681657318432,2.6925450785209595,0.45,-0.9777049481594299,-0.6936004873212276,2.0633046958888537,0.45,-0.5606366548795427,-1.517017018008354,1.1469076136496732,0.45,-0.058299620583017686,-1.2867873985711138,0.17907640341187406,0.45,0.34465721540264777
